week_ist,channel,tickets,breaches,breach_rate_pct
2024-12-31/2025-01-06,chat,16,0,0.0
2024-12-31/2025-01-06,email,8,0,0.0
2024-12-31/2025-01-06,social,5,0,0.0
2024-12-31/2025-01-06,voice,8,0,0.0
2025-01-07/2025-01-13,chat,25,0,0.0
2025-01-07/2025-01-13,email,14,3,21.4
2025-01-07/2025-01-13,social,6,2,33.3
2025-01-07/2025-01-13,voice,6,0,0.0
2025-01-14/2025-01-20,chat,29,3,10.3
2025-01-14/2025-01-20,email,19,2,10.5
2025-01-14/2025-01-20,social,2,0,0.0
2025-01-14/2025-01-20,voice,8,1,12.5
2025-01-21/2025-01-27,chat,40,3,7.5
2025-01-21/2025-01-27,email,29,3,10.3
2025-01-21/2025-01-27,social,3,1,33.3
2025-01-21/2025-01-27,voice,7,0,0.0
2025-01-28/2025-02-03,chat,31,2,6.5
2025-01-28/2025-02-03,email,25,3,12.0
2025-01-28/2025-02-03,social,11,2,18.2
2025-01-28/2025-02-03,voice,4,0,0.0
2025-02-04/2025-02-10,chat,39,5,12.8
2025-02-04/2025-02-10,email,30,5,16.7
2025-02-04/2025-02-10,social,11,2,18.2
2025-02-04/2025-02-10,voice,13,3,23.1
2025-02-11/2025-02-17,chat,34,3,8.8
2025-02-11/2025-02-17,email,20,4,20.0
2025-02-11/2025-02-17,social,5,0,0.0
2025-02-11/2025-02-17,voice,19,2,10.5
2025-02-18/2025-02-24,chat,50,6,12.0
2025-02-18/2025-02-24,email,30,3,10.0
2025-02-18/2025-02-24,social,10,1,10.0
2025-02-18/2025-02-24,voice,13,0,0.0
2025-02-25/2025-03-03,chat,44,3,6.8
2025-02-25/2025-03-03,email,28,3,10.7
2025-02-25/2025-03-03,social,10,1,10.0
2025-02-25/2025-03-03,voice,11,1,9.1
2025-03-04/2025-03-10,chat,43,0,0.0
2025-03-04/2025-03-10,email,31,5,16.1
2025-03-04/2025-03-10,social,6,1,16.7
2025-03-04/2025-03-10,voice,10,0,0.0
2025-03-11/2025-03-17,chat,47,3,6.4
2025-03-11/2025-03-17,email,30,6,20.0
2025-03-11/2025-03-17,social,10,1,10.0
2025-03-11/2025-03-17,voice,9,0,0.0
2025-03-18/2025-03-24,chat,40,5,12.5
2025-03-18/2025-03-24,email,26,3,11.5
2025-03-18/2025-03-24,social,6,0,0.0
2025-03-18/2025-03-24,voice,13,0,0.0
2025-03-25/2025-03-31,chat,42,2,4.8
2025-03-25/2025-03-31,email,33,6,18.2
2025-03-25/2025-03-31,social,8,0,0.0
2025-03-25/2025-03-31,voice,7,0,0.0
2025-04-01/2025-04-07,chat,51,6,11.8
2025-04-01/2025-04-07,email,31,2,6.5
2025-04-01/2025-04-07,social,9,1,11.1
2025-04-01/2025-04-07,voice,10,1,10.0
2025-04-08/2025-04-14,chat,37,3,8.1
2025-04-08/2025-04-14,email,34,4,11.8
2025-04-08/2025-04-14,social,7,0,0.0
2025-04-08/2025-04-14,voice,7,0,0.0
2025-04-15/2025-04-21,chat,41,6,14.6
2025-04-15/2025-04-21,email,30,4,13.3
2025-04-15/2025-04-21,social,11,0,0.0
2025-04-15/2025-04-21,voice,9,2,22.2
2025-04-22/2025-04-28,chat,48,1,2.1
2025-04-22/2025-04-28,email,30,4,13.3
2025-04-22/2025-04-28,social,15,2,13.3
2025-04-22/2025-04-28,voice,11,0,0.0
2025-04-29/2025-05-05,chat,56,3,5.4
2025-04-29/2025-05-05,email,27,2,7.4
2025-04-29/2025-05-05,social,9,1,11.1
2025-04-29/2025-05-05,voice,15,0,0.0
2025-05-06/2025-05-12,chat,33,1,3.0
2025-05-06/2025-05-12,email,36,4,11.1
2025-05-06/2025-05-12,social,11,0,0.0
2025-05-06/2025-05-12,voice,11,1,9.1
2025-05-13/2025-05-19,chat,46,4,8.7
2025-05-13/2025-05-19,email,28,3,10.7
2025-05-13/2025-05-19,social,12,1,8.3
2025-05-13/2025-05-19,voice,14,2,14.3
2025-05-20/2025-05-26,chat,39,4,10.3
2025-05-20/2025-05-26,email,28,4,14.3
2025-05-20/2025-05-26,social,9,2,22.2
2025-05-20/2025-05-26,voice,15,2,13.3
2025-05-27/2025-06-02,chat,34,3,8.8
2025-05-27/2025-06-02,email,35,6,17.1
2025-05-27/2025-06-02,social,6,1,16.7
2025-05-27/2025-06-02,voice,16,1,6.2
2025-06-03/2025-06-09,chat,36,2,5.6
2025-06-03/2025-06-09,email,30,1,3.3
2025-06-03/2025-06-09,social,6,0,0.0
2025-06-03/2025-06-09,voice,11,0,0.0
2025-06-10/2025-06-16,chat,46,3,6.5
2025-06-10/2025-06-16,email,30,2,6.7
2025-06-10/2025-06-16,social,6,0,0.0
2025-06-10/2025-06-16,voice,7,0,0.0
2025-06-17/2025-06-23,chat,37,2,5.4
2025-06-17/2025-06-23,email,48,5,10.4
2025-06-17/2025-06-23,social,8,1,12.5
2025-06-17/2025-06-23,voice,18,0,0.0
2025-06-24/2025-06-30,chat,45,9,20.0
2025-06-24/2025-06-30,email,25,2,8.0
2025-06-24/2025-06-30,social,13,4,30.8
2025-06-24/2025-06-30,voice,15,0,0.0
2025-07-01/2025-07-07,chat,44,17,38.6
2025-07-01/2025-07-07,email,26,7,26.9
2025-07-01/2025-07-07,social,6,2,33.3
2025-07-01/2025-07-07,voice,15,1,6.7
2025-07-08/2025-07-14,chat,35,14,40.0
2025-07-08/2025-07-14,email,35,6,17.1
2025-07-08/2025-07-14,social,14,3,21.4
2025-07-08/2025-07-14,voice,14,1,7.1
2025-07-15/2025-07-21,chat,52,9,17.3
2025-07-15/2025-07-21,email,26,8,30.8
2025-07-15/2025-07-21,social,11,1,9.1
2025-07-15/2025-07-21,voice,16,0,0.0
2025-07-22/2025-07-28,chat,51,13,25.5
2025-07-22/2025-07-28,email,45,12,26.7
2025-07-22/2025-07-28,social,12,4,33.3
2025-07-22/2025-07-28,voice,19,2,10.5
2025-07-29/2025-08-04,chat,54,15,27.8
2025-07-29/2025-08-04,email,50,16,32.0
2025-07-29/2025-08-04,social,6,1,16.7
2025-07-29/2025-08-04,voice,21,0,0.0
2025-08-05/2025-08-11,chat,57,20,35.1
2025-08-05/2025-08-11,email,53,13,24.5
2025-08-05/2025-08-11,social,15,6,40.0
2025-08-05/2025-08-11,voice,24,1,4.2
2025-08-12/2025-08-18,chat,79,30,38.0
2025-08-12/2025-08-18,email,45,15,33.3
2025-08-12/2025-08-18,social,18,6,33.3
2025-08-12/2025-08-18,voice,24,1,4.2
2025-08-19/2025-08-25,chat,51,16,31.4
2025-08-19/2025-08-25,email,58,13,22.4
2025-08-19/2025-08-25,social,15,5,33.3
2025-08-19/2025-08-25,voice,16,0,0.0
2025-08-26/2025-09-01,chat,84,34,40.5
2025-08-26/2025-09-01,email,52,10,19.2
2025-08-26/2025-09-01,social,18,3,16.7
2025-08-26/2025-09-01,voice,23,1,4.3
2025-09-02/2025-09-08,chat,76,38,50.0
2025-09-02/2025-09-08,email,44,10,22.7
2025-09-02/2025-09-08,social,17,4,23.5
2025-09-02/2025-09-08,voice,18,1,5.6
2025-09-09/2025-09-15,chat,73,27,37.0
2025-09-09/2025-09-15,email,62,12,19.4
2025-09-09/2025-09-15,social,14,5,35.7
2025-09-09/2025-09-15,voice,25,2,8.0
2025-09-16/2025-09-22,chat,60,18,30.0
2025-09-16/2025-09-22,email,54,16,29.6
2025-09-16/2025-09-22,social,16,3,18.8
2025-09-16/2025-09-22,voice,28,1,3.6
2025-09-23/2025-09-29,chat,69,17,24.6
2025-09-23/2025-09-29,email,42,7,16.7
2025-09-23/2025-09-29,social,14,4,28.6
2025-09-23/2025-09-29,voice,17,1,5.9
2025-09-30/2025-10-06,chat,72,19,26.4
2025-09-30/2025-10-06,email,58,8,13.8
2025-09-30/2025-10-06,social,20,5,25.0
2025-09-30/2025-10-06,voice,24,4,16.7
2025-10-07/2025-10-13,chat,77,26,33.8
2025-10-07/2025-10-13,email,64,10,15.6
2025-10-07/2025-10-13,social,16,2,12.5
2025-10-07/2025-10-13,voice,27,1,3.7
2025-10-14/2025-10-20,chat,97,28,28.9
2025-10-14/2025-10-20,email,68,18,26.5
2025-10-14/2025-10-20,social,28,8,28.6
2025-10-14/2025-10-20,voice,22,0,0.0
2025-10-21/2025-10-27,chat,76,37,48.7
2025-10-21/2025-10-27,email,75,14,18.7
2025-10-21/2025-10-27,social,23,4,17.4
2025-10-21/2025-10-27,voice,31,1,3.2
2025-10-28/2025-11-03,chat,87,24,27.6
2025-10-28/2025-11-03,email,67,16,23.9
2025-10-28/2025-11-03,social,16,6,37.5
2025-10-28/2025-11-03,voice,32,4,12.5
2025-11-04/2025-11-10,chat,95,30,31.6
2025-11-04/2025-11-10,email,61,16,26.2
2025-11-04/2025-11-10,social,22,7,31.8
2025-11-04/2025-11-10,voice,23,0,0.0
2025-11-11/2025-11-17,chat,100,25,25.0
2025-11-11/2025-11-17,email,41,5,12.2
2025-11-11/2025-11-17,social,22,3,13.6
2025-11-11/2025-11-17,voice,19,1,5.3
2025-11-18/2025-11-24,chat,83,32,38.6
2025-11-18/2025-11-24,email,62,9,14.5
2025-11-18/2025-11-24,social,22,3,13.6
2025-11-18/2025-11-24,voice,22,3,13.6
2025-11-25/2025-12-01,chat,100,34,34.0
2025-11-25/2025-12-01,email,82,18,22.0
2025-11-25/2025-12-01,social,27,7,25.9
2025-11-25/2025-12-01,voice,28,2,7.1
2025-12-02/2025-12-08,chat,89,32,36.0
2025-12-02/2025-12-08,email,71,23,32.4
2025-12-02/2025-12-08,social,16,3,18.8
2025-12-02/2025-12-08,voice,36,1,2.8
2025-12-09/2025-12-15,chat,84,30,35.7
2025-12-09/2025-12-15,email,65,9,13.8
2025-12-09/2025-12-15,social,12,4,33.3
2025-12-09/2025-12-15,voice,25,1,4.0
2025-12-16/2025-12-22,chat,82,17,20.7
2025-12-16/2025-12-22,email,66,13,19.7
2025-12-16/2025-12-22,social,13,3,23.1
2025-12-16/2025-12-22,voice,22,1,4.5
2025-12-23/2025-12-29,chat,86,28,32.6
2025-12-23/2025-12-29,email,57,10,17.5
2025-12-23/2025-12-29,social,16,1,6.2
2025-12-23/2025-12-29,voice,24,2,8.3
2025-12-30/2026-01-05,chat,85,33,38.8
2025-12-30/2026-01-05,email,69,19,27.5
2025-12-30/2026-01-05,social,21,7,33.3
2025-12-30/2026-01-05,voice,26,1,3.8
2026-01-06/2026-01-12,chat,88,24,27.3
2026-01-06/2026-01-12,email,47,11,23.4
2026-01-06/2026-01-12,social,20,3,15.0
2026-01-06/2026-01-12,voice,24,1,4.2
2026-01-13/2026-01-19,chat,85,30,35.3
2026-01-13/2026-01-19,email,54,9,16.7
2026-01-13/2026-01-19,social,28,6,21.4
2026-01-13/2026-01-19,voice,17,1,5.9
2026-01-20/2026-01-26,chat,81,32,39.5
2026-01-20/2026-01-26,email,60,11,18.3
2026-01-20/2026-01-26,social,17,6,35.3
2026-01-20/2026-01-26,voice,29,2,6.9
2026-01-27/2026-02-02,chat,88,28,31.8
2026-01-27/2026-02-02,email,52,14,26.9
2026-01-27/2026-02-02,social,16,2,12.5
2026-01-27/2026-02-02,voice,28,2,7.1
2026-02-03/2026-02-09,chat,71,25,35.2
2026-02-03/2026-02-09,email,56,9,16.1
2026-02-03/2026-02-09,social,22,6,27.3
2026-02-03/2026-02-09,voice,16,2,12.5
2026-02-10/2026-02-16,chat,73,21,28.8
2026-02-10/2026-02-16,email,60,13,21.7
2026-02-10/2026-02-16,social,18,4,22.2
2026-02-10/2026-02-16,voice,20,0,0.0
2026-02-17/2026-02-23,chat,71,19,26.8
2026-02-17/2026-02-23,email,57,12,21.1
2026-02-17/2026-02-23,social,13,2,15.4
2026-02-17/2026-02-23,voice,26,0,0.0
2026-02-24/2026-03-02,chat,80,23,28.7
2026-02-24/2026-03-02,email,49,7,14.3
2026-02-24/2026-03-02,social,15,3,20.0
2026-02-24/2026-03-02,voice,23,3,13.0
2026-03-03/2026-03-09,chat,82,24,29.3
2026-03-03/2026-03-09,email,52,12,23.1
2026-03-03/2026-03-09,social,20,8,40.0
2026-03-03/2026-03-09,voice,21,2,9.5
2026-03-10/2026-03-16,chat,88,29,33.0
2026-03-10/2026-03-16,email,58,16,27.6
2026-03-10/2026-03-16,social,21,5,23.8
2026-03-10/2026-03-16,voice,16,1,6.2
2026-03-17/2026-03-23,chat,78,19,24.4
2026-03-17/2026-03-23,email,64,19,29.7
2026-03-17/2026-03-23,social,16,5,31.2
2026-03-17/2026-03-23,voice,27,1,3.7
2026-03-24/2026-03-30,chat,68,24,35.3
2026-03-24/2026-03-30,email,40,9,22.5
2026-03-24/2026-03-30,social,27,8,29.6
2026-03-24/2026-03-30,voice,26,0,0.0
2026-03-31/2026-04-06,chat,79,29,36.7
2026-03-31/2026-04-06,email,59,16,27.1
2026-03-31/2026-04-06,social,10,4,40.0
2026-03-31/2026-04-06,voice,19,2,10.5
2026-04-07/2026-04-13,chat,62,16,25.8
2026-04-07/2026-04-13,email,60,14,23.3
2026-04-07/2026-04-13,social,18,9,50.0
2026-04-07/2026-04-13,voice,25,3,12.0
2026-04-14/2026-04-20,chat,61,22,36.1
2026-04-14/2026-04-20,email,68,18,26.5
2026-04-14/2026-04-20,social,16,4,25.0
2026-04-14/2026-04-20,voice,26,1,3.8
2026-04-21/2026-04-27,chat,88,30,34.1
2026-04-21/2026-04-27,email,45,8,17.8
2026-04-21/2026-04-27,social,20,8,40.0
2026-04-21/2026-04-27,voice,22,5,22.7
2026-04-28/2026-05-04,chat,70,20,28.6
2026-04-28/2026-05-04,email,68,19,27.9
2026-04-28/2026-05-04,social,20,2,10.0
2026-04-28/2026-05-04,voice,25,2,8.0
2026-05-05/2026-05-11,chat,64,17,26.6
2026-05-05/2026-05-11,email,61,14,23.0
2026-05-05/2026-05-11,social,17,4,23.5
2026-05-05/2026-05-11,voice,16,0,0.0
2026-05-12/2026-05-18,chat,81,34,42.0
2026-05-12/2026-05-18,email,48,10,20.8
2026-05-12/2026-05-18,social,14,3,21.4
2026-05-12/2026-05-18,voice,30,1,3.3
2026-05-19/2026-05-25,chat,84,31,36.9
2026-05-19/2026-05-25,email,52,11,21.2
2026-05-19/2026-05-25,social,20,3,15.0
2026-05-19/2026-05-25,voice,24,0,0.0
2026-05-26/2026-06-01,chat,75,26,34.7
2026-05-26/2026-06-01,email,41,8,19.5
2026-05-26/2026-06-01,social,19,3,15.8
2026-05-26/2026-06-01,voice,8,1,12.5
2026-06-02/2026-06-08,chat,69,21,30.4
2026-06-02/2026-06-08,email,68,16,23.5
2026-06-02/2026-06-08,social,9,2,22.2
2026-06-02/2026-06-08,voice,28,1,3.6
2026-06-09/2026-06-15,chat,69,26,37.7
2026-06-09/2026-06-15,email,58,13,22.4
2026-06-09/2026-06-15,social,14,5,35.7
2026-06-09/2026-06-15,voice,23,2,8.7
2026-06-16/2026-06-22,chat,81,24,29.6
2026-06-16/2026-06-22,email,67,19,28.4
2026-06-16/2026-06-22,social,16,2,12.5
2026-06-16/2026-06-22,voice,32,0,0.0
2026-06-23/2026-06-29,chat,91,28,30.8
2026-06-23/2026-06-29,email,63,14,22.2
2026-06-23/2026-06-29,social,15,2,13.3
2026-06-23/2026-06-29,voice,25,1,4.0
2026-06-30/2026-07-06,chat,5,1,20.0
2026-06-30/2026-07-06,email,7,1,14.3
2026-06-30/2026-07-06,voice,4,0,0.0
